시즌,선수,선수ID,종류,규칙 계산값,적용값,최종 코인(개막)
1983,김광수,1035,변동 완충,2,3,3
1983,김바위,15155,변동 완충,2,3,3
1983,박상열,1071,변동 완충,2,3,3
1983,유승안,1083,변동 완충,3,4,4
1984,금광옥,1003,변동 완충,3,4,4
1984,유승안,1083,변동 완충,2,3,3
1984,조흥운,1031,변동 완충,3,4,4
1984,차영화,1033,변동 완충,2,3,3
1984,천창호,1110,변동 완충,3,4,4
1985,신경식,1019,변동 완충,2,3,3
1987,김일권,1013,편집 지정,,2,2
1988,김광림,1203,변동 완충,5,4,4
1988,박흥식,14223,변동 완충,5,4,4
1990,김신부,1321,편집 지정,,2,2
1991,고원부,1278,변동 완충,3,4,4
1991,김일권,1013,변동 완충,2,3,3
1991,김태원,1289,변동 완충,5,4,4
1991,류중일,11467,변동 완충,5,4,4
1991,이순철,1250,변동 완충,3,4,4
1992,김동수,10386,변동 완충,2,3,3
1992,원원근,1395,변동 완충,5,4,4
1993,김상호,1380,변동 완충,5,4,4
1993,류중일,11467,변동 완충,3,4,4
1993,송구홍,1589,편집 지정,,4,4
1993,이태일,1540,변동 완충,5,4,4
1994,이명수,1450,변동 완충,5,4,4
1995,김경기,1505,변동 완충,5,4,4
1995,김태한,1693,변동 완충,5,4,4
1995,이승엽,10881,편집 지정(2004 이전),,3,3
1996,김상국,1282,변동 완충,2,3,3
1996,박경완,10080,변동 완충,5,4,4
1996,이상군,12994,편집 지정,,2,2
1996,이승엽,10881,편집 지정(2004 이전),,3,3
1996,이정훈,1352,변동 완충,3,4,4
1996,이호성,1500,변동 완충,3,4,4
1997,이승엽,10881,편집 지정(2004 이전),,4,4
1997,임수혁,1819,변동 완충,5,4,4
1998,권명철,1695,변동 완충,2,3,3
1998,박지철,10511,변동 완충,5,4,4
1998,신동주,1672,변동 완충,5,4,4
1999,성준,1315,변동 완충,2,3,3
2000,장성호,10032,변동 완충,5,4,4
2001,김경원,1761,편집 지정,,2,2
2001,김태균,1803,편집 지정,,2,2
2002,김수경,10430,변동 완충,3,4,4
2002,김태균,10552,변동 완충,4,3,3
2002,신윤호,11238,편집 지정,,4,4
2002,임선동,2013,변동 완충,3,4,4
2002,홍성흔,10256,편집 지정,,4,4
2003,김태한,1693,편집 지정,,2,2
2003,장문석,10069,변동 완충,5,4,4
2004,박경수,10469,변동 완충,2,3,3
2004,이호준,10101,변동 완충,5,4,4
2004,차명주,1967,편집 지정,,3,3
2005,이승호,10148,변동 완충,2,4,4
2005,최기문,14231,변동 완충,3,4,4
2005,홍세완,10026,변동 완충,2,4,4
2006,손시헌,10177,편집 지정,,4,4
2007,정재훈,10225,편집 지정,,4,4
2008,고영민,10171,편집 지정,,4,4
2008,이용규,10035,변동 완충,2,3,3
2008,이택근,10493,편집 지정,,4,4
2009,우규민,10523,편집 지정,,2,2
2009,이현곤,10022,변동 완충,2,3,3
2010,강민호,10232,변동 완충,2,3,3
2010,민병헌,10188,편집 지정,,2,2
2010,조성환,10254,변동 완충,2,3,3
2010,최정,10106,변동 완충,2,3,3
2011,송은범,10137,변동 완충,5,4,4
2011,유동훈,10060,변동 완충,3,4,4
2011,이현승,10221,변동 완충,2,3,3
2011,조성환,10254,편집 지정,,4,4
2011,최준석,10183,편집 지정,,4,4
2012,김강민,10108,변동 완충,3,4,4
2012,손아섭,10261,편집 지정,,4,4
2012,신경현,10542,편집 지정,,3,3
2012,양현종,10058,편집 지정,,2,2
2012,임경완,10298,편집 지정,,4,4
2012,정의윤,10655,편집 지정,,2,2
2012,조성환,10254,편집 지정,,4,4
2012,최준석,10183,변동 완충,2,3,3
2012,최희섭,10025,변동 완충,3,4,4
2013,최형우,10344,변동 완충,3,4,4
2013,최희섭,10025,변동 완충,2,3,3
2014,김상수,10320,편집 지정,,3,3
2014,서건창,10855,편집 지정,,4,4
2015,박민우,11137,편집 지정,,3,3
2015,오지환,10475,변동 완충,2,3,3
2015,이범호,10559,변동 완충,3,4,4
2016,서건창,10855,변동 완충,3,4,4
2016,정상호,10083,편집 지정,,4,4
2016,조동찬,10329,편집 지정,,4,4
2017,김상수,10320,편집 지정,,2,2
2017,김재환,10643,편집 지정,,4,4
2017,한승혁,10812,편집 지정,,2,2
2018,신정락,10516,편집 지정,,2,2
2018,안치홍,10014,편집 지정,,4,4
2019,이민호,11151,편집 지정,,2,2
2019,허경민,10184,편집 지정,,4,4
2020,안영명,10600,편집 지정,,3,3
2021,문경찬,11299,편집 지정,,2,2
2021,이형종,12516,변동 완충,2,3,3
2021,최원태,11379,변동 완충,2,3,3
2022,정은원,13137,편집 지정,,4,4
2023,정은원,13137,변동 완충,2,3,3
2023,홍창기,12546,변동 완충,2,3,3
2024,정철원,13071,편집 지정,,3,3
2025,강승호,11087,편집 지정,,3,3
2025,고승민,14160,편집 지정,,3,3
2025,김영웅,15035,편집 지정,,3,3
2025,김지찬,14618,편집 지정,,3,3
2025,문보경,14137,편집 지정,,4,4
2025,박준영,12522,변동 완충,1,2,2
2025,박찬호,11261,편집 지정,,4,4
2025,손주영,12908,편집 지정,,3,3
2025,이우성,11099,편집 지정,,3,3
