계약 첫 시즌,이름,선수ID,종류,기간,보장액(억),옵션(억),연봉 부분(억),연봉 출처
2000,김동수,10386,FA,3,8.0,0,4.08,추정(보장액×51%)
2000,김정수,1314,FA,1,0.5,0,0.26,추정(보장액×51%)
2000,송유석,1365,FA,1,0.75,0,0.38,추정(보장액×51%)
2000,송진우,10597,FA,3,7.0,0,3.57,추정(보장액×51%)
2000,이강철,13923,FA,3,8.0,0,4.08,추정(보장액×51%)
2001,강석천,1421,FA,3,5.1,0,2.6,추정(보장액×51%)
2001,김기태,11474,FA,4,18.0,0,9.18,추정(보장액×51%)
2001,김상진,1624,FA,3,8.5,0,4.33,추정(보장액×51%)
2001,장종훈,1354,FA,3,7.0,0,3.57,추정(보장액×51%)
2001,조계현,12724,FA,1,2.08,0,1.06,추정(보장액×51%)
2001,홍현우,1499,FA,4,18.0,0,9.18,추정(보장액×51%)
2002,김민재,10550,FA,4,10.0,0,5.1,추정(보장액×51%)
2002,김원형,14890,FA,4,14.0,0,7.14,추정(보장액×51%)
2002,양준혁,10339,FA,4,27.2,0,13.87,추정(보장액×51%)
2002,전준호,10418,FA,3,12.0,0,6.12,추정(보장액×51%)
2003,강상수,1837,FA,3,4.0,0,2.04,추정(보장액×51%)
2003,박경완,10080,FA,3,19.0,0,9.69,추정(보장액×51%)
2003,박정태,1561,FA,2,6.0,0,3.06,추정(보장액×51%)
2003,송진우,10597,FA,3,18.0,0,9.18,추정(보장액×51%)
2003,안경현,10099,FA,4,15.0,0,7.65,추정(보장액×51%)
2004,가득염,10123,FA,3,5.6,0,2.86,추정(보장액×51%)
2004,김종훈,1800,FA,3,5.2,0,2.65,추정(보장액×51%)
2004,마해영,1865,FA,4,28.0,0,14.28,추정(보장액×51%)
2004,박종호,1668,FA,4,22.0,0,11.22,추정(보장액×51%)
2004,이상목,1553,FA,4,22.0,0,11.22,추정(보장액×51%)
2004,이숭용,10402,FA,3,17.5,0,8.93,추정(보장액×51%)
2004,장원진,1682,FA,2,4.5,0,2.29,추정(보장액×51%)
2004,정수근,10264,FA,6,40.6,0,20.71,추정(보장액×51%)
2004,조규제,1608,FA,2,4.5,0,2.29,추정(보장액×51%)
2004,조웅천,10158,FA,4,17.5,0,8.93,추정(보장액×51%)
2004,진필중,1894,FA,4,30.0,0,15.3,추정(보장액×51%)
2005,김동수,10386,FA,2,6.0,0,3.06,추정(보장액×51%)
2005,김재현,10109,FA,4,20.7,0,10.56,추정(보장액×51%)
2005,김태균,1803,FA,1,0.86,0,0.44,추정(보장액×51%)
2005,김한수,12964,FA,4,28.0,0,14.28,추정(보장액×51%)
2005,박진만,10323,FA,4,39.0,0,19.89,추정(보장액×51%)
2005,심재학,1867,FA,3,18.0,0,9.18,추정(보장액×51%)
2005,심정수,1811,FA,4,60.0,0,30,공개 분리
2005,오봉옥,1694,FA,2,3.0,0,1.53,추정(보장액×51%)
2005,임창용,11281,FA,2,18.0,0,9.18,추정(보장액×51%)
2005,조원우,12657,FA,2,4.5,0,2.29,추정(보장액×51%)
2006,김대익,1923,FA,2,3.2,0,1.63,추정(보장액×51%)
2006,김민재,10550,FA,4,14.0,0,7.14,추정(보장액×51%)
2006,김창희,10334,FA,1,1.0,0,0.51,추정(보장액×51%)
2006,박재홍,10113,FA,4,30.0,0,15.3,추정(보장액×51%)
2006,송지만,10412,FA,3,18.0,0,9.18,추정(보장액×51%)
2006,송진우,10597,FA,2,14.0,0,7.14,추정(보장액×51%)
2006,양준혁,10339,FA,2,15.0,0,7.65,추정(보장액×51%)
2006,위재영,1886,FA,3,8.9,0,4.54,추정(보장액×51%)
2006,이종범,10036,FA,2,18.0,0,9.18,추정(보장액×51%)
2006,장성호,10032,FA,4,42.0,0,21.42,추정(보장액×51%)
2006,전상렬,10194,FA,2,4.0,0,2.04,추정(보장액×51%)
2006,전준호,10153,FA,1,2.8,0,1.43,추정(보장액×51%)
2006,정경배,10102,FA,3,16.0,0,8.16,추정(보장액×51%)
2006,홍원기,14889,FA,1,0.8,0,0.41,추정(보장액×51%)
2007,김수경,10430,FA,3,5.0,0,2.55,추정(보장액×51%)
2007,김원형,14890,FA,2,7.5,0,3.83,추정(보장액×51%)
2007,김재걸,10321,FA,2,5.6,0,2.86,추정(보장액×51%)
2007,김종국,10009,FA,2,5.5,0,2.81,추정(보장액×51%)
2007,박경완,10080,FA,2,10.0,0,5.1,추정(보장액×51%)
2007,박명환,10510,FA,4,40.0,0,20.4,추정(보장액×51%)
2007,전병호,1965,FA,2,9.0,0,4.59,추정(보장액×51%)
2007,진갑용,10314,FA,3,26.0,0,13.26,추정(보장액×51%)
2008,김동주,10173,FA,1,9.0,0,4.59,추정(보장액×51%)
2008,류택현,10507,FA,3,6.5,0,3.31,추정(보장액×51%)
2008,이재주,10020,FA,1,0.8,0,0.41,추정(보장액×51%)
2008,이호준,10101,FA,4,34.0,0,17.34,추정(보장액×51%)
2008,조웅천,10158,FA,2,8.0,0,4.08,추정(보장액×51%)
2008,조인성,10463,FA,4,34.0,0,17.34,추정(보장액×51%)
2009,김재현,10109,FA,1,7.0,0,3.57,추정(보장액×51%)
2009,박진만,10323,FA,1,12.0,0,6.12,추정(보장액×51%)
2009,손민한,10284,FA,1,15.0,0,7.65,추정(보장액×51%)
2009,이영우,10574,FA,1,2.1,0,1.07,추정(보장액×51%)
2009,이진영,10492,FA,4,42.0,0,21.42,추정(보장액×51%)
2009,정성훈,10479,FA,4,24.0,0,12.24,추정(보장액×51%)
2009,최동수,10481,FA,1,2.5,0,1.27,추정(보장액×51%)
2009,최원호,10537,FA,1,2.0,0,1.02,추정(보장액×51%)
2009,홍성흔,10256,FA,4,30.0,0,15.3,추정(보장액×51%)
2010,강동우,10564,FA,1,3.0,0,1.53,추정(보장액×51%)
2010,김상훈,10001,FA,1,2.25,0,1.15,추정(보장액×51%)
2010,박재홍,10113,FA,1,8.0,0,4.08,추정(보장액×51%)
2010,박한이,10336,FA,1,6.5,0,3.31,추정(보장액×51%)
2010,장성호,10032,FA,1,2.5,0,1.27,추정(보장액×51%)
2011,박용택,10485,FA,4,34.0,0,17.34,추정(보장액×51%)
2011,배영수,10362,FA,2,17.0,0,8.67,추정(보장액×51%)
2011,이범호,10559,FA,1,12.0,0,6.12,추정(보장액×51%)
2012,강봉규,10332,FA,2,4.5,0,2.29,추정(보장액×51%)
2012,김동주,10173,FA,3,32.0,0,16.32,추정(보장액×51%)
2012,송신영,10443,FA,3,13.0,0,6.63,추정(보장액×51%)
2012,신경현,10542,FA,2,7.0,0,3.57,추정(보장액×51%)
2012,신명철,10327,FA,2,4.5,0,2.29,추정(보장액×51%)
2012,이상열,10449,FA,2,6.0,0,3.06,추정(보장액×51%)
2012,이승엽,10881,FA,1,11.0,0,5.61,추정(보장액×51%)
2012,이승호,10147,FA,2,2.0,0,1.02,추정(보장액×51%)
2012,이승호,10147,FA,4,24.0,0,12.24,추정(보장액×51%)
2012,이택근,10493,FA,4,50.0,0,25.5,추정(보장액×51%)
2012,임경완,10298,FA,3,11.0,0,5.61,추정(보장액×51%)
2012,임재철,10193,FA,2,5.0,0,2.55,추정(보장액×51%)
2012,정대현,10154,FA,4,36.0,0,18.36,추정(보장액×51%)
2012,정재훈,10225,FA,4,28.0,0,14.28,추정(보장액×51%)
2012,조성환,10254,FA,2,7.5,0,3.83,추정(보장액×51%)
2012,조인성,10463,FA,3,19.0,0,9.69,추정(보장액×51%)
2012,진갑용,10314,FA,2,12.0,0,6.12,추정(보장액×51%)
2013,김원섭,10029,FA,3,14.0,0,7.14,추정(보장액×51%)
2013,김주찬,10239,FA,4,50.0,0,25.5,추정(보장액×51%)
2013,마일영,10592,FA,3,8.0,0,4.08,추정(보장액×51%)
2013,유동훈,10060,FA,2,7.5,0,3.83,추정(보장액×51%)
2013,이정훈,10296,FA,2,5.0,0,2.55,추정(보장액×51%)
2013,이진영,10492,FA,4,34.0,0,17.34,추정(보장액×51%)
2013,이현곤,10022,FA,3,10.5,0,5.36,추정(보장액×51%)
2013,이호준,10101,FA,3,20.0,0,10.2,추정(보장액×51%)
2013,정성훈,10479,FA,4,34.0,0,17.34,추정(보장액×51%)
2013,정현욱,10377,FA,4,28.6,0,14.59,추정(보장액×51%)
2013,홍성흔,10256,FA,4,31.0,0,15.81,추정(보장액×51%)
2014,강민호,10232,FA,4,75.0,0,40,공개 분리
2014,강영식,10269,FA,4,16.0,1,8.16,추정(보장액×51%)
2014,권용관,10465,FA,1,1.0,0,0.51,추정(보장액×51%)
2014,박정진,10596,FA,2,7.0,1,3.57,추정(보장액×51%)
2014,박한이,10336,FA,4,28.0,0,14.28,추정(보장액×51%)
2014,손시헌,10177,FA,4,28.0,2,14.28,추정(보장액×51%)
2014,이대수,10558,FA,4,18.0,2,9.18,추정(보장액×51%)
2014,이대형,10490,FA,4,22.0,2,11.22,추정(보장액×51%)
2014,이병규,10477,FA,3,25.5,0,13.01,추정(보장액×51%)
2014,이용규,10035,FA,4,60.0,7,28,공개 분리
2014,이종욱,10192,FA,4,48.0,2,24.48,추정(보장액×51%)
2014,장원삼,10375,FA,4,60.0,0,30,공개 분리
2014,정근우,10103,FA,4,63.0,7,28,공개 분리
2014,최준석,10183,FA,4,31.0,4,15.81,추정(보장액×51%)
2014,한상훈,10663,FA,4,11.0,2,5.61,추정(보장액×51%)
2015,권혁,10351,FA,4,28.0,4,14.28,추정(보장액×51%)
2015,김강민,10108,FA,4,52.0,4,26.52,추정(보장액×51%)
2015,김경언,10028,FA,3,8.5,0,4.33,추정(보장액×51%)
2015,김사율,10272,FA,4,12.5,2,6.38,추정(보장액×51%)
2015,나주환,10092,FA,2,5.5,0,2.81,추정(보장액×51%)
2015,박경수,10469,FA,4,16.2,2,8.26,추정(보장액×51%)
2015,박기혁,10241,FA,4,10.200000000000001,1.2,5.2,추정(보장액×51%)
2015,박용택,10485,FA,4,50.0,0,25.5,추정(보장액×51%)
2015,배영수,10362,FA,3,21.5,0,10.96,추정(보장액×51%)
2015,송은범,10137,FA,4,30.0,4,15.3,추정(보장액×51%)
2015,안지만,10364,FA,4,65.0,0,33.15,추정(보장액×51%)
2015,윤석민,10061,FA,4,90.0,0,50,공개 분리
2015,윤성환,10368,FA,4,80.0,0,32,공개 분리
2015,이성열,10168,FA,2,5.0,0,2.55,추정(보장액×51%)
2015,이재영,10529,FA,2,4.5,0,2.29,추정(보장액×51%)
2015,장원준,10299,FA,4,80.0,4,40,공개 분리
2015,조동찬,10329,FA,4,28.0,0,14.28,추정(보장액×51%)
2015,조동화,10121,FA,4,20.0,2,10.2,추정(보장액×51%)
2015,차일목,10005,FA,2,4.5,0,2.29,추정(보장액×51%)
2015,최정,10106,FA,4,82.0,4,40,공개 분리
2016,김상현,10007,FA,4,17.0,0,8.67,추정(보장액×51%)
2016,김태균,10552,FA,4,84.0,0,64,공개 분리
2016,마정길,10436,FA,2,6.2,0,3.16,추정(보장액×51%)
2016,박석민,10322,FA,4,96.0,0,30,공개 분리
2016,박재상,10112,FA,2,5.5,0,2.81,추정(보장액×51%)
2016,박정권,10096,FA,4,30.0,0,15.3,추정(보장액×51%)
2016,손승락,10442,FA,4,60.0,0,28,공개 분리
2016,송승준,10285,FA,4,40.0,0,20.4,추정(보장액×51%)
2016,심수창,10518,FA,4,13.0,0,6.63,추정(보장액×51%)
2016,오재원,10178,FA,4,38.0,0,19.38,추정(보장액×51%)
2016,유한준,10627,FA,4,60.0,0,30.6,추정(보장액×51%)
2016,윤길현,10142,FA,4,38.0,0,19.38,추정(보장액×51%)
2016,이동현,10524,FA,3,30.0,0,15.3,추정(보장액×51%)
2016,이범호,10559,FA,4,36.0,0,18.36,추정(보장액×51%)
2016,이승엽,10881,FA,2,36.0,0,18.36,추정(보장액×51%)
2016,이택근,10493,FA,4,30.0,5,15.3,추정(보장액×51%)
2016,정상호,10083,FA,4,30.0,2,15.3,추정(보장액×51%)
2016,정우람,10156,FA,4,84.0,0,48,공개 분리
2016,조인성,10463,FA,2,10.0,0,5.1,추정(보장액×51%)
2016,채병용,10161,FA,3,10.5,0,5.36,추정(보장액×51%)
2017,김광현,10126,FA,4,85.0,0,53,공개 분리
2017,김재호,10174,FA,4,46.0,4,23.46,추정(보장액×51%)
2017,나지완,10030,FA,4,40.0,0,20.4,추정(보장액×51%)
2017,양현종,10058,FA,1,22.5,0,11.47,추정(보장액×51%)
2017,우규민,10523,FA,4,65.0,0,28,공개 분리
2017,이대호,10251,FA,4,150.0,0,100,공개 분리
2017,이원석,10180,FA,4,27.0,0,13.77,추정(보장액×51%)
2017,이진영,10492,FA,2,15.0,0,7.65,추정(보장액×51%)
2017,이현승,10221,FA,3,24.0,3,12.24,추정(보장액×51%)
2017,정성훈,10479,FA,1,7.0,0,3.57,추정(보장액×51%)
2017,조영훈,10330,FA,2,4.5,0,2.29,추정(보장액×51%)
2017,차우찬,10381,FA,4,80.0,15,40.8,추정(보장액×51%)
2017,최형우,10344,FA,4,100.0,0,60,공개 분리
2018,강민호,10232,FA,4,70.0,10,40,공개 분리
2018,권오준,10350,FA,2,6.0,0,3.06,추정(보장액×51%)
2018,김승회,10202,FA,2,3.0,0,1.53,추정(보장액×51%)
2018,김주찬,10239,FA,3,27.0,0,13.77,추정(보장액×51%)
2018,김현수,10187,FA,4,115.0,0,50,공개 분리
2018,문규현,10240,FA,3,10.0,0,5.1,추정(보장액×51%)
2018,민병헌,10188,FA,4,80.0,0,40,공개 분리
2018,손시헌,10177,FA,2,15.0,0,7.65,추정(보장액×51%)
2018,손아섭,10261,FA,4,98.0,0,49.98,추정(보장액×51%)
2018,안영명,10600,FA,2,12.0,0,6.12,추정(보장액×51%)
2018,이종욱,10192,FA,1,5.0,0,2.55,추정(보장액×51%)
2018,정근우,10103,FA,3,33.0,2,16.83,추정(보장액×51%)
2018,정의윤,10655,FA,4,17.0,12,8.67,추정(보장액×51%)
2018,지석훈,10683,FA,2,6.0,0,3.06,추정(보장액×51%)
2018,채태인,10331,FA,2,8.0,2,4.08,추정(보장액×51%)
2018,최준석,10183,FA,1,0.55,0,0.28,추정(보장액×51%)
2018,황재균,10407,FA,4,88.0,0,44,공개 분리
2019,금민철,10425,FA,2,4.0,3,2.04,추정(보장액×51%)
2019,김민성,10238,FA,3,15.0,3,7.65,추정(보장액×51%)
2019,김상수,10320,FA,3,13.5,4.5,6.88,추정(보장액×51%)
2019,모창민,10093,FA,3,17.0,3,8.67,추정(보장액×51%)
2019,박경수,10469,FA,3,20.0,6,10.2,추정(보장액×51%)
2019,박용택,10485,FA,2,24.0,1,12.24,추정(보장액×51%)
2019,송광민,10555,FA,2,8.0,8,4.08,추정(보장액×51%)
2019,양의지,10165,FA,4,125.0,0,65,공개 분리
2019,윤성환,10368,FA,1,4.0,6,2.04,추정(보장액×51%)
2019,이보근,10448,FA,4,11.0,8,5.61,추정(보장액×51%)
2019,이용규,10035,FA,3,18.0,8,9.18,추정(보장액×51%)
2019,이재원,10082,FA,4,69.0,0,48,공개 분리
2019,최정,10106,FA,6,100.0,6,68,공개 분리
2019,최진행,10578,FA,2,4.0,1,2.04,추정(보장액×51%)
2020,고효준,10124,FA,1,1.0,0.2,0.51,추정(보장액×51%)
2020,김강민,10108,FA,2,9.0,1,4.59,추정(보장액×51%)
2020,김선빈,10008,FA,4,34.0,6,17.34,추정(보장액×51%)
2020,김태군,10459,FA,4,9.0,4,4.59,추정(보장액×51%)
2020,김태균,10552,FA,1,10.0,0,5.1,추정(보장액×51%)
2020,박석민,10322,FA,3,16.0,18,8.16,추정(보장액×51%)
2020,송은범,10137,FA,2,8.4,1.6,4.28,추정(보장액×51%)
2020,안치홍,10014,FA,4,50.0,6,25.5,추정(보장액×51%)
2020,오재원,10178,FA,3,13.0,6,6.63,추정(보장액×51%)
2020,오주원,10445,FA,2,6.0,1,3.06,추정(보장액×51%)
2020,오지환,10475,FA,4,40.0,0,20.4,추정(보장액×51%)
2020,유한준,10627,FA,2,18.0,2,9.18,추정(보장액×51%)
2020,이성열,10168,FA,2,14.0,0,7.14,추정(보장액×51%)
2020,이지영,10312,FA,3,12.0,6,6.12,추정(보장액×51%)
2020,전준우,10266,FA,4,32.0,2,16.32,추정(보장액×51%)
2020,정우람,10156,FA,4,39.0,0,19.89,추정(보장액×51%)
2020,진해수,10075,FA,3,10.5,3.5,5.36,추정(보장액×51%)
2021,김상수,10427,FA,3,14.0,1.5,7.14,추정(보장액×51%)
2021,김성현,10636,FA,3,8.0,3,4.08,추정(보장액×51%)
2021,김용의,10466,FA,1,2.0,0,1.02,추정(보장액×51%)
2021,김재호,10174,FA,3,25.0,0,12.75,추정(보장액×51%)
2021,오재일,10400,FA,4,46.0,4,23.46,추정(보장액×51%)
2021,우규민,10523,FA,2,7.0,3,3.57,추정(보장액×51%)
2021,유희관,10213,FA,1,3.0,7,1.53,추정(보장액×51%)
2021,이대호,10251,FA,2,24.0,2,12.24,추정(보장액×51%)
2021,이용찬,10217,FA,4,14.0,13,7.14,추정(보장액×51%)
2021,이원석,10180,FA,3,12.0,8,6.12,추정(보장액×51%)
2021,정수빈,10195,FA,6,52.0,4,26.52,추정(보장액×51%)
2021,차우찬,10381,FA,2,6.0,14,3.06,추정(보장액×51%)
2021,최주환,10182,FA,4,38.0,4,19.38,추정(보장액×51%)
2021,최형우,10344,FA,3,40.0,7,20.4,추정(보장액×51%)
2021,허경민,10184,FA,7,65.0,20,33.15,추정(보장액×51%)
2022,강민호,10232,FA,4,32.0,4,16.32,추정(보장액×51%)
2022,구자욱,10892,NONFA,5,110,0,,
2022,김광현,10126,NONFA,4,131,0,,
2022,김재환,10643,FA,4,110.0,5,55,공개 분리
2022,김현수,10187,FA,6,90.0,25,45.9,추정(보장액×51%)
2022,나성범,11162,FA,6,120.0,30,60,공개 분리
2022,문승원,10783,NONFA,5,47,0,,
2022,박건우,10189,FA,6,94.0,6,54,공개 분리
2022,박병호,10470,FA,3,27.0,3,13.77,추정(보장액×51%)
2022,박종훈,10131,NONFA,5,56,0,,
2022,박해민,11190,FA,4,56.0,4,24,공개 분리
2022,백정현,10363,FA,4,34.0,4,17.34,추정(보장액×51%)
2022,손아섭,10261,FA,4,56.0,8,30,공개 분리
2022,양현종,10058,FA,4,55.0,48,28.05,추정(보장액×51%)
2022,장성우,10235,FA,4,38.0,4,19.38,추정(보장액×51%)
2022,정훈,10253,FA,3,13.0,5,6.63,추정(보장액×51%)
2022,최재훈,10170,FA,5,49.0,5,24.99,추정(보장액×51%)
2022,한유섬,10815,NONFA,5,56,0,,
2022,허도환,10684,FA,2,4.0,0,2.04,추정(보장액×51%)
2022,황재균,10407,FA,4,54.0,6,27.54,추정(보장액×51%)
2023,구창모,11353,NONFA,6,88,0,,
2023,권희동,11172,FA,1,0.9,0.35,0.46,추정(보장액×51%)
2023,김상수,10320,FA,4,23.0,6,11.73,추정(보장액×51%)
2023,김진성,11166,FA,2,7.0,0,3.57,추정(보장액×51%)
2023,노진혁,11165,FA,4,46.0,4,23.46,추정(보장액×51%)
2023,박동원,10387,FA,4,65.0,0,45,공개 분리
2023,박민우,11137,FA,8,90.0,50,45.9,추정(보장액×51%)
2023,박세웅,11310,NONFA,5,70,0,,
2023,박세혁,10891,FA,4,42.0,4,21.42,추정(보장액×51%)
2023,신본기,10840,FA,2,2.8,0.2,1.43,추정(보장액×51%)
2023,양의지,10165,FA,6,110.0,42,66,공개 분리
2023,오선진,10557,FA,2,3.75,0.25,1.91,추정(보장액×51%)
2023,오태곤,10249,FA,4,16.0,2,8.16,추정(보장액×51%)
2023,원종현,11161,FA,4,25.0,0,12.75,추정(보장액×51%)
2023,유강남,10753,FA,4,74.0,6,34,공개 분리
2023,이명기,10119,FA,1,1.0,0,0.51,추정(보장액×51%)
2023,이재학,10220,FA,3,5.5,3.5,2.81,추정(보장액×51%)
2023,이태양,10609,FA,4,25.0,0,12.75,추정(보장액×51%)
2023,장시환,10453,FA,3,7.800000000000001,1.5,3.98,추정(보장액×51%)
2023,정찬헌,10533,FA,2,6.0,2.6,3.06,추정(보장액×51%)
2023,채은성,11215,FA,6,80.0,10,44,공개 분리
2023,한현희,10863,FA,4,18.0,22,9.18,추정(보장액×51%)
2024,고종욱,10659,FA,2,4.0,1,2.04,추정(보장액×51%)
2024,김대우,10685,FA,2,3.0,1,1.53,추정(보장액×51%)
2024,김민성,10238,FA,3,7.0,2,3.57,추정(보장액×51%)
2024,김민식,10707,FA,2,4.0,1,2.04,추정(보장액×51%)
2024,김선빈,10008,FA,3,24.0,6,12.24,추정(보장액×51%)
2024,김재윤,11489,FA,4,48.0,10,24.48,추정(보장액×51%)
2024,류현진,10590,NONFA,8,170,0,,
2024,안치홍,10014,FA,6,47.0,25,12,공개 분리
2024,양석환,11213,FA,6,59.0,19,30.09,추정(보장액×51%)
2024,오승환,10367,FA,2,22.0,0,11.22,추정(보장액×51%)
2024,오지환,10475,FA,6,100.0,24,50,공개 분리
2024,이원석,10180,NONFA,2,8,0,,
2024,이지영,10312,FA,2,3.5,0.5,1.79,추정(보장액×51%)
2024,임찬규,10652,FA,4,26.0,24,20,공개 분리
2024,임창민,10452,FA,2,7.0,1,3.57,추정(보장액×51%)
2024,장민재,10610,FA,3,6.0,2,3.06,추정(보장액×51%)
2024,전준우,10266,FA,4,40.0,7,20.4,추정(보장액×51%)
2024,주권,11323,FA,4,14.0,2,7.14,추정(보장액×51%)
2024,함덕주,11094,FA,4,20.0,18,14,공개 분리
2024,홍건희,10696,FA,2(+2 선수옵션),9.0,15.5,6.0,"공개 분리(계약금 3억·연봉 3억×2, 서울신문 2024.1.26)"
2025,고영표,11308,NONFA,5,95,0,,
2025,구승민,11291,FA,4,15.0,6,7.65,추정(보장액×51%)
2025,김강률,10690,FA,4,14.0,0,7.14,추정(보장액×51%)
2025,김성욱,11153,FA,2,2.5,0.5,1.27,추정(보장액×51%)
2025,김원중,10825,FA,4,44.0,10,22.44,추정(보장액×51%)
2025,김헌곤,10640,FA,2,4.0,2,2.04,추정(보장액×51%)
2025,노경은,10203,FA,3,16.0,9,8.16,추정(보장액×51%)
2025,류지혁,10894,FA,4,20.0,6,10.2,추정(보장액×51%)
2025,심우준,11334,FA,4,42.0,8,18,공개 분리
2025,엄상백,11318,FA,4,66.5,11.5,32.5,공개 분리
2025,우규민,10523,FA,2,6.0,1,3.06,추정(보장액×51%)
2025,이용찬,10217,FA,3,4.0,6,2.04,추정(보장액×51%)
2025,임기영,10909,FA,3,12.0,3,6.12,추정(보장액×51%)
2025,임정호,11168,FA,3,9.0,3,4.59,추정(보장액×51%)
2025,장현식,11164,FA,4,52.0,0,36,공개 분리
2025,최원태,11379,FA,4,58.0,12,34,공개 분리
2025,최정,10106,FA,4,110.0,0,56.1,추정(보장액×51%)
2025,하주석,10913,FA,1,0.9000000000000001,0.2,0.46,추정(보장액×51%)
2025,허경민,10184,FA,4,34.0,6,18,공개 분리
