적용 시즌,이름,선수ID,팀,대회,이전 코인,변경 코인
2006,김종국,10009,KIA,2006 WBC,4,5
2006,이종범,10036,KIA,2006 WBC,5,5
2006,전병두,10152,KIA,2006 WBC,2,3
2006,박용택,10485,LG,2006 WBC,3,4
2006,이병규,10491,LG,2006 WBC,5,5
2006,조인성,10463,LG,2006 WBC,2,3
2006,이진영,10492,SK,2006 WBC,4,5
2006,김동주,10173,두산,2006 WBC,5,5
2006,정재훈,10225,두산,2006 WBC,2,3
2006,홍성흔,10256,두산,2006 WBC,5,5
2006,손민한,10284,롯데,2006 WBC,5,5
2006,김재걸,10321,삼성,2006 WBC,1,2
2006,박진만,10323,삼성,2006 WBC,5,5
2006,배영수,10362,삼성,2006 WBC,5,5
2006,오승환,10367,삼성,2006 WBC,4,5
2006,진갑용,10314,삼성,2006 WBC,5,5
2006,김민재,10550,한화,2006 WBC,5,5
2006,김태균,10552,한화,2006 WBC,4,5
2006,송지만,10412,현대,2006 WBC,5,5
2007,윤석민,10061,KIA,2006 도하 AG,2,3
2007,이용규,10035,KIA,2006 도하 AG,3,4
2007,박재홍,10113,SK,2006 도하 AG,5,5
2007,정근우,10103,SK,2006 도하 AG,3,4
2007,김동주,10173,두산,2006 도하 AG,5,5
2007,홍성흔,10256,두산,2006 도하 AG,5,5
2007,강민호,10232,롯데,2006 도하 AG,2,3
2007,박기혁,10241,롯데,2006 도하 AG,2,3
2007,손민한,10284,롯데,2006 도하 AG,5,5
2007,이대호,10251,롯데,2006 도하 AG,5,5
2007,박진만,10323,삼성,2006 도하 AG,5,5
2007,오승환,10367,삼성,2006 도하 AG,4,5
2007,조동찬,10329,삼성,2006 도하 AG,2,3
2007,구대성,10580,한화,2006 도하 AG,5,5
2007,류현진,10590,한화,2006 도하 AG,5,5
2007,이택근,10493,현대,2006 도하 AG,3,4
2007,장원삼,10375,현대,2006 도하 AG,4,5
2009,윤석민,10061,KIA,2008 베이징 올림픽,4,5
2009,이용규,10035,KIA,2008 베이징 올림픽,4,5
2009,한기주,10077,KIA,2008 베이징 올림픽,4,5
2009,봉중근,10514,LG,2008 베이징 올림픽,5,5
2009,이진영,10492,LG,2008 베이징 올림픽,5,5
2009,김광현,10126,SK,2008 베이징 올림픽,5,5
2009,박경완,10080,SK,2009 WBC,5,5
2009,이승호,10147,SK,2009 WBC,3,4
2009,정근우,10103,SK,2008 베이징 올림픽,3,4
2009,정대현,10154,SK,2008 베이징 올림픽,4,5
2009,최정,10106,SK,2009 WBC,3,4
2009,고영민,10171,두산,2008 베이징 올림픽,3,4
2009,김동주,10173,두산,2008 베이징 올림픽,5,5
2009,김현수,10187,두산,2008 베이징 올림픽,3,4
2009,이재우,10219,두산,2009 WBC,4,5
2009,이종욱,10192,두산,2008 베이징 올림픽,4,5
2009,임태훈,10222,두산,2009 WBC,4,5
2009,강민호,10232,롯데,2008 베이징 올림픽,3,4
2009,박기혁,10241,롯데,2009 WBC,2,3
2009,손민한,10284,롯데,2009 WBC,5,5
2009,송승준,10285,롯데,2008 베이징 올림픽,4,5
2009,이대호,10251,롯데,2008 베이징 올림픽,5,5
2009,권혁,10351,삼성,2008 베이징 올림픽,2,3
2009,박진만,10323,삼성,2008 베이징 올림픽,5,5
2009,오승환,10367,삼성,2008 베이징 올림픽,4,5
2009,정현욱,10377,삼성,2009 WBC,2,3
2009,진갑용,10314,삼성,2008 베이징 올림픽,4,5
2009,이택근,10493,우리,2008 베이징 올림픽,4,5
2009,장원삼,10375,우리,2008 베이징 올림픽,4,5
2009,김민재,10550,한화,2008 베이징 올림픽,5,5
2009,김태균,10552,한화,2009 WBC,5,5
2009,류현진,10590,한화,2008 베이징 올림픽,5,5
2009,이범호,10559,한화,2009 WBC,5,5
2011,양현종,10058,KIA,2010 광저우 AG,4,5
2011,윤석민,10061,KIA,2010 광저우 AG,3,4
2011,이용규,10035,KIA,2010 광저우 AG,4,5
2011,봉중근,10514,LG,2010 광저우 AG,5,5
2011,김강민,10108,SK,2010 광저우 AG,4,5
2011,김광현,10126,SK,2010 광저우 AG,5,5
2011,송은범,10137,SK,2010 광저우 AG,5,5
2011,정근우,10103,SK,2010 광저우 AG,5,5
2011,정대현,10154,SK,2010 광저우 AG,5,5
2011,최정,10106,SK,2010 광저우 AG,5,5
2011,강정호,10394,넥센,2010 광저우 AG,3,4
2011,고창성,10196,두산,2010 광저우 AG,2,3
2011,김현수,10187,두산,2010 광저우 AG,5,5
2011,손시헌,10177,두산,2010 광저우 AG,5,5
2011,이종욱,10192,두산,2010 광저우 AG,4,5
2011,강민호,10232,롯데,2010 광저우 AG,4,5
2011,이대호,10251,롯데,2010 광저우 AG,5,5
2011,안지만,10364,삼성,2010 광저우 AG,3,4
2011,조동찬,10329,삼성,2010 광저우 AG,2,3
2011,류현진,10590,한화,2010 광저우 AG,5,5
2013,서재응,10053,KIA,2013 WBC,5,5
2013,윤석민,10061,KIA,2013 WBC,5,5
2013,이용규,10035,KIA,2013 WBC,5,5
2013,유원상,10604,LG,2013 WBC,2,3
2013,이진영,10492,LG,2013 WBC,4,5
2013,박희수,10135,SK,2013 WBC,2,3
2013,윤희상,10145,SK,2013 WBC,2,3
2013,정근우,10103,SK,2013 WBC,4,5
2013,최정,10106,SK,2013 WBC,5,5
2013,강정호,10394,넥센,2013 WBC,5,5
2013,손승락,10442,넥센,2013 WBC,3,4
2013,김현수,10187,두산,2013 WBC,5,5
2013,노경은,10203,두산,2013 WBC,2,3
2013,손시헌,10177,두산,2013 WBC,2,3
2013,강민호,10232,롯데,2013 WBC,5,5
2013,손아섭,10261,롯데,2013 WBC,4,5
2013,송승준,10285,롯데,2013 WBC,4,5
2013,전준우,10266,롯데,2013 WBC,2,3
2013,정대현,10154,롯데,2013 WBC,5,5
2013,김상수,10320,삼성,2013 WBC,4,5
2013,오승환,10367,삼성,2013 WBC,4,5
2013,이승엽,10881,삼성,2013 WBC,5,5
2013,장원삼,10375,삼성,2013 WBC,5,5
2013,진갑용,10314,삼성,2013 WBC,4,5
2013,차우찬,10381,삼성,2013 WBC,2,3
2013,김태균,10552,한화,2013 WBC,5,5
2015,나지완,10030,KIA,2014 인천 AG,3,4
2015,양현종,10058,KIA,2014 인천 AG,4,5
2015,봉중근,10514,LG,2014 인천 AG,5,5
2015,유원상,10604,LG,2014 인천 AG,2,3
2015,나성범,11162,NC,2014 인천 AG,3,4
2015,이재학,10220,NC,2014 인천 AG,2,3
2015,이태양,10681,NC,2014 인천 AG,2,3
2015,김광현,10126,SK,2014 인천 AG,5,5
2015,이재원,10082,SK,2014 인천 AG,2,3
2015,김민성,10238,넥센,2014 인천 AG,2,3
2015,박병호,10470,넥센,2014 인천 AG,5,5
2015,한현희,10863,넥센,2014 인천 AG,2,3
2015,김현수,10187,두산,2014 인천 AG,5,5
2015,민병헌,10188,두산,2014 인천 AG,2,3
2015,오재원,10178,두산,2014 인천 AG,3,4
2015,강민호,10232,롯데,2014 인천 AG,5,5
2015,손아섭,10261,롯데,2014 인천 AG,5,5
2015,황재균,10407,롯데,2014 인천 AG,2,3
2015,김상수,10320,삼성,2014 인천 AG,2,3
2015,안지만,10364,삼성,2014 인천 AG,4,5
2015,임창용,11281,삼성,2014 인천 AG,4,5
2015,차우찬,10381,삼성,2014 인천 AG,2,3
2016,조무근,11322,KT,2015 프리미어12,1,2
2016,우규민,10523,LG,2015 프리미어12,4,5
2016,나성범,11162,NC,2015 프리미어12,3,4
2016,이태양,10681,NC,2015 프리미어12,2,3
2016,임창민,10452,NC,2015 프리미어12,2,3
2016,김광현,10126,SK,2015 프리미어12,5,5
2016,김재호,10174,두산,2015 프리미어12,3,4
2016,민병헌,10188,두산,2015 프리미어12,2,3
2016,양의지,10165,두산,2015 프리미어12,5,5
2016,오재원,10178,두산,2015 프리미어12,5,5
2016,이현승,10221,두산,2015 프리미어12,3,4
2016,장원준,10299,두산,2015 프리미어12,5,5
2016,허경민,10184,두산,2015 프리미어12,3,4
2016,강민호,10232,롯데,2015 프리미어12,5,5
2016,손아섭,10261,롯데,2015 프리미어12,5,5
2016,정대현,10154,롯데,2015 프리미어12,2,3
2016,황재균,10407,롯데,2015 프리미어12,4,5
2016,김상수,10320,삼성,2015 프리미어12,3,4
2016,심창민,10720,삼성,2015 프리미어12,4,5
2016,차우찬,10381,삼성,2015 프리미어12,3,4
2016,이용규,10035,한화,2015 프리미어12,5,5
2016,정근우,10103,한화,2015 프리미어12,5,5
2016,정우람,10156,한화,2015 프리미어12,5,5
2017,양현종,10058,KIA,2017 WBC,5,5
2017,임창용,11281,KIA,2017 WBC,3,4
2017,최형우,10344,KIA,2017 WBC,5,5
2017,장시환,10453,KT,2017 WBC,2,3
2017,임정우,10713,LG,2017 WBC,2,3
2017,김태군,10459,NC,2017 WBC,2,3
2017,박석민,10322,NC,2017 WBC,4,5
2017,원종현,11161,NC,2017 WBC,3,4
2017,박희수,10135,SK,2017 WBC,2,3
2017,김하성,11224,넥센,2017 WBC,2,3
2017,서건창,10855,넥센,2017 WBC,4,5
2017,김재호,10174,두산,2017 WBC,5,5
2017,민병헌,10188,두산,2017 WBC,3,4
2017,박건우,10189,두산,2017 WBC,2,3
2017,양의지,10165,두산,2017 WBC,5,5
2017,오재원,10178,두산,2017 WBC,4,5
2017,이현승,10221,두산,2017 WBC,4,5
2017,장원준,10299,두산,2017 WBC,5,5
2017,허경민,10184,두산,2017 WBC,2,3
2017,손아섭,10261,롯데,2017 WBC,5,5
2017,이대호,10251,롯데,2017 WBC,5,5
2017,장시환,10453,롯데,2017 WBC,2,3
2017,심창민,10720,삼성,2017 WBC,2,3
2017,우규민,10523,삼성,2017 WBC,5,5
2017,김태균,10552,한화,2017 WBC,5,5
2017,이용규,10035,한화,2017 WBC,5,5
2018,김윤동,10821,KIA,2017 APBC,2,3
2018,임기영,10909,KIA,2017 APBC,2,3
2018,최원준,12534,KIA,2017 APBC,1,2
2018,한승택,11119,KIA,2017 APBC,1,2
2018,심재민,11311,KT,2017 APBC,3,4
2018,정현,11111,KT,2017 APBC,1,2
2018,김대현,12532,LG,2017 APBC,4,5
2018,안익훈,11347,LG,2017 APBC,1,2
2018,구창모,11353,NC,2017 APBC,2,3
2018,김성욱,11153,NC,2017 APBC,1,2
2018,박민우,11137,NC,2017 APBC,2,3
2018,이민호,11151,NC,2017 APBC,2,3
2018,장현식,11164,NC,2017 APBC,2,3
2018,김하성,11224,넥센,2017 APBC,3,4
2018,이정후,12906,넥센,2017 APBC,4,5
2018,류지혁,10894,두산,2017 APBC,1,2
2018,함덕주,11094,두산,2017 APBC,2,3
2018,나경민,12592,롯데,2017 APBC,1,2
2018,박세웅,11310,롯데,2017 APBC,3,4
2018,박진형,11425,롯데,2017 APBC,1,2
2018,구자욱,10892,삼성,2017 APBC,2,3
2018,장필준,11404,삼성,2017 APBC,2,3
2018,하주석,10913,한화,2017 APBC,3,4
2019,안치홍,10014,KIA,2018 자카르타 AG,4,5
2019,양현종,10058,KIA,2018 자카르타 AG,5,5
2019,임기영,10909,KIA,2018 자카르타 AG,2,3
2019,황재균,10407,KT,2018 자카르타 AG,5,5
2019,김현수,10187,LG,2018 자카르타 AG,5,5
2019,오지환,10475,LG,2018 자카르타 AG,4,5
2019,임찬규,10652,LG,2018 자카르타 AG,2,3
2019,박민우,11137,NC,2018 자카르타 AG,2,3
2019,양의지,10165,NC,2018 자카르타 AG,5,5
2019,박종훈,10131,SK,2018 자카르타 AG,2,3
2019,이재원,10082,SK,2018 자카르타 AG,5,5
2019,김재환,10643,두산,2018 자카르타 AG,5,5
2019,박치국,12850,두산,2018 자카르타 AG,2,3
2019,이용찬,10217,두산,2018 자카르타 AG,2,3
2019,함덕주,11094,두산,2018 자카르타 AG,2,3
2019,손아섭,10261,롯데,2018 자카르타 AG,5,5
2019,박해민,11190,삼성,2018 자카르타 AG,2,3
2019,장필준,11404,삼성,2018 자카르타 AG,2,3
2019,최충연,12530,삼성,2018 자카르타 AG,2,3
2019,김하성,11224,키움,2018 자카르타 AG,2,3
2019,박병호,10470,키움,2018 자카르타 AG,5,5
2019,이정후,12906,키움,2018 자카르타 AG,4,5
2019,최원태,11379,키움,2018 자카르타 AG,4,5
2019,정우람,10156,한화,2018 자카르타 AG,5,5
2020,문경찬,11299,KIA,2019 프리미어12,2,3
2020,양현종,10058,KIA,2019 프리미어12,5,5
2020,강백호,13168,KT,2019 프리미어12,4,5
2020,황재균,10407,KT,2019 프리미어12,5,5
2020,고우석,12907,LG,2019 프리미어12,3,4
2020,김현수,10187,LG,2019 프리미어12,5,5
2020,차우찬,10381,LG,2019 프리미어12,5,5
2020,구창모,11353,NC,2019 프리미어12,2,3
2020,문경찬,11299,NC,2019 프리미어12,2,3
2020,박민우,11137,NC,2019 프리미어12,5,5
2020,양의지,10165,NC,2019 프리미어12,5,5
2020,원종현,11161,NC,2019 프리미어12,2,3
2020,박종훈,10131,SK,2019 프리미어12,2,3
2020,최정,10106,SK,2019 프리미어12,5,5
2020,김재환,10643,두산,2019 프리미어12,5,5
2020,박건우,10189,두산,2019 프리미어12,4,5
2020,박세혁,10891,두산,2019 프리미어12,2,3
2020,이영하,12568,두산,2019 프리미어12,4,5
2020,함덕주,11094,두산,2019 프리미어12,2,3
2020,허경민,10184,두산,2019 프리미어12,3,4
2020,민병헌,10188,롯데,2019 프리미어12,5,5
2020,김상수,10320,삼성,2019 프리미어12,4,5
2020,김하성,11224,키움,2019 프리미어12,5,5
2020,박병호,10470,키움,2019 프리미어12,4,5
2020,이정후,12906,키움,2019 프리미어12,4,5
2020,조상우,11126,키움,2019 프리미어12,2,3
2020,한현희,10863,키움,2019 프리미어12,2,3
2022,이의리,14788,KIA,2020 도쿄 올림픽,4,5
2022,강백호,13168,KT,2020 도쿄 올림픽,5,5
2022,고영표,11308,KT,2020 도쿄 올림픽,3,4
2022,황재균,10407,KT,2020 도쿄 올림픽,5,5
2022,고우석,12907,LG,2020 도쿄 올림픽,2,3
2022,김현수,10187,LG,2020 도쿄 올림픽,5,5
2022,박해민,11190,LG,2020 도쿄 올림픽,5,5
2022,오지환,10475,LG,2020 도쿄 올림픽,5,5
2022,박건우,10189,NC,2020 도쿄 올림픽,5,5
2022,양의지,10165,NC,2020 도쿄 올림픽,5,5
2022,최주환,10182,SSG,2020 도쿄 올림픽,4,5
2022,최원준,12852,두산,2020 도쿄 올림픽,2,3
2022,허경민,10184,두산,2020 도쿄 올림픽,4,5
2022,김진욱,14792,롯데,2020 도쿄 올림픽,4,5
2022,박세웅,11310,롯데,2020 도쿄 올림픽,2,3
2022,강민호,10232,삼성,2020 도쿄 올림픽,4,5
2022,오승환,10367,삼성,2020 도쿄 올림픽,4,5
2022,오재일,10400,삼성,2020 도쿄 올림픽,4,5
2022,원태인,14113,삼성,2020 도쿄 올림픽,4,5
2022,김혜성,12905,키움,2020 도쿄 올림픽,2,3
2022,이정후,12906,키움,2020 도쿄 올림픽,5,5
2022,김민우,11410,한화,2020 도쿄 올림픽,2,3
2023,나성범,11162,KIA,2023 WBC,5,5
2023,양현종,10058,KIA,2023 WBC,5,5
2023,이의리,14788,KIA,2023 WBC,4,5
2023,강백호,13168,KT,2023 WBC,3,4
2023,고영표,11308,KT,2023 WBC,3,4
2023,박병호,10470,KT,2023 WBC,4,5
2023,소형준,14600,KT,2023 WBC,4,5
2023,고우석,12907,LG,2023 WBC,2,3
2023,김윤식,14588,LG,2023 WBC,3,4
2023,김현수,10187,LG,2023 WBC,5,5
2023,박해민,11190,LG,2023 WBC,5,5
2023,오지환,10475,LG,2023 WBC,5,5
2023,정우영,14136,LG,2023 WBC,2,3
2023,구창모,11353,NC,2023 WBC,5,5
2023,박건우,10189,NC,2023 WBC,5,5
2023,이용찬,10217,NC,2023 WBC,3,4
2023,김광현,10126,SSG,2023 WBC,5,5
2023,최정,10106,SSG,2023 WBC,5,5
2023,최지훈,14587,SSG,2023 WBC,3,4
2023,곽빈,13061,두산,2023 WBC,3,4
2023,양의지,10165,두산,2023 WBC,5,5
2023,정철원,13071,두산,2023 WBC,2,3
2023,김원중,10825,롯데,2023 WBC,2,3
2023,박세웅,11310,롯데,2023 WBC,5,5
2023,원태인,14113,삼성,2023 WBC,4,5
2023,김혜성,12905,키움,2023 WBC,4,5
2023,이정후,12906,키움,2023 WBC,5,5
2023,이지영,10312,키움,2023 WBC,3,4
2024,김도영,15056,KIA,2023 APBC,4,5
2024,이의리,14788,KIA,2023 APBC,4,5
2024,정해영,14608,KIA,2023 APBC,3,4
2024,최원준,12534,KIA,2022 항저우 AG,2,3
2024,최지민,15057,KIA,2022 항저우 AG,2,3
2024,강백호,13168,KT,2022 항저우 AG,5,5
2024,박영현,15089,KT,2022 항저우 AG,4,5
2024,문보경,14137,LG,2022 항저우 AG,2,3
2024,정우영,14136,LG,2022 항저우 AG,1,2
2024,김영규,13088,NC,2022 항저우 AG,2,3
2024,김주원,14765,NC,2022 항저우 AG,2,3
2024,김형준,13081,NC,2022 항저우 AG,2,3
2024,김휘집,14785,NC,2023 APBC,2,3
2024,신민혁,13085,NC,2023 APBC,2,3
2024,박성한,12922,SSG,2022 항저우 AG,2,3
2024,오원석,14581,SSG,2023 APBC,2,3
2024,조병현,14805,SSG,2023 APBC,2,3
2024,최지훈,14587,SSG,2022 항저우 AG,2,3
2024,곽빈,13061,두산,2022 항저우 AG,3,4
2024,최승용,14770,두산,2023 APBC,1,2
2024,나균안,12930,롯데,2022 항저우 AG,2,3
2024,나승엽,14797,롯데,2023 APBC,4,5
2024,박세웅,11310,롯데,2022 항저우 AG,5,5
2024,손성빈,14796,롯데,2023 APBC,1,2
2024,윤동희,15048,롯데,2022 항저우 AG,2,3
2024,최준용,14624,롯데,2023 APBC,4,5
2024,김성윤,12936,삼성,2022 항저우 AG,1,2
2024,김지찬,14618,삼성,2022 항저우 AG,2,3
2024,원태인,14113,삼성,2022 항저우 AG,4,5
2024,김혜성,12905,키움,2022 항저우 AG,5,5
2024,김휘집,14785,키움,2023 APBC,1,2
2024,노시환,14125,한화,2022 항저우 AG,4,5
2024,문동주,15013,한화,2022 항저우 AG,4,5
2024,문현빈,15422,한화,2023 APBC,1,2
2025,김도영,15056,KIA,2024 프리미어12,5,5
2025,정해영,14608,KIA,2024 프리미어12,2,3
2025,최원준,12534,KIA,2024 프리미어12,2,3
2025,최지민,15057,KIA,2024 프리미어12,2,3
2025,고영표,11308,KT,2024 프리미어12,5,5
2025,박영현,15089,KT,2024 프리미어12,4,5
2025,소형준,14600,KT,2024 프리미어12,2,3
2025,문보경,14137,LG,2024 프리미어12,2,3
2025,박동원,10387,LG,2024 프리미어12,5,5
2025,신민재,13056,LG,2024 프리미어12,2,3
2025,유영찬,14669,LG,2024 프리미어12,2,3
2025,임찬규,10652,LG,2024 프리미어12,4,5
2025,홍창기,12546,LG,2024 프리미어12,5,5
2025,김주원,14765,NC,2024 프리미어12,2,3
2025,김형준,13081,NC,2024 프리미어12,2,3
2025,김휘집,14785,NC,2024 프리미어12,2,3
2025,최원준,12534,NC,2024 프리미어12,2,3
2025,박성한,12922,SSG,2024 프리미어12,2,3
2025,조병현,14805,SSG,2024 프리미어12,2,3
2025,곽빈,13061,두산,2024 프리미어12,2,3
2025,김택연,16067,두산,2024 프리미어12,4,5
2025,이영하,12568,두산,2024 프리미어12,2,3
2025,최승용,14770,두산,2024 프리미어12,2,3
2025,나승엽,14797,롯데,2024 프리미어12,4,5
2025,윤동희,15048,롯데,2024 프리미어12,2,3
2025,송성문,11376,키움,2024 프리미어12,3,4
2025,이주형,14591,키움,2024 프리미어12,2,3
2025,김서현,15421,한화,2024 프리미어12,4,5
